<?xml version="1.0" encoding="UTF-8"?>
<!DOCTYPE QtCreatorProfiles>
<!-- Written by QtCreator 3.6.1, 2016-08-16T08:32:36. -->
<qtcreator>
 <data>
  <variable>Profile.0</variable>
  <valuemap type="QVariantMap">
   <value type="bool" key="PE.Profile.AutoDetected">true</value>
   <value type="QString" key="PE.Profile.AutoDetectionSource"></value>
   <valuemap type="QVariantMap" key="PE.Profile.Data">
    <value type="QString" key="Android.GdbServer.Information"></value>
    <value type="QString" key="CMakeProjectManager.CMakeKitInformation"></value>
    <value type="QString" key="Debugger.Information">{31fc78c9-11b2-44d6-bdc0-758e09db5bda}</value>
    <value type="QString" key="PE.Profile.Device">Desktop Device</value>
    <value type="QString" key="PE.Profile.DeviceType">Desktop</value>
    <valuelist type="QVariantList" key="PE.Profile.Environment"/>
    <value type="QString" key="PE.Profile.SysRoot"></value>
    <value type="QString" key="PE.Profile.ToolChain">{935ecf89-1651-4acf-8f26-5d8a8791ba6a}</value>
    <value type="QString" key="QtPM4.mkSpecInformation"></value>
    <value type="QString" key="QtSupport.QtInformation">SDK.qt.54.gcc_64</value>
   </valuemap>
   <value type="QString" key="PE.Profile.Icon">:///DESKTOP///</value>
   <value type="QString" key="PE.Profile.Id">qt.54.gcc_64_kit</value>
   <valuelist type="QVariantList" key="PE.Profile.MutableInfo"/>
   <value type="QString" key="PE.Profile.Name">Desktop Qt %{Qt:Version} GCC 64bit</value>
   <value type="bool" key="PE.Profile.SDK">true</value>
   <valuelist type="QVariantList" key="PE.Profile.StickyInfo">
    <value type="QString">PE.Profile.ToolChain</value>
    <value type="QString">QtSupport.QtInformation</value>
    <value type="QString">PE.Profile.DeviceType</value>
   </valuelist>
  </valuemap>
 </data>
 <data>
  <variable>Profile.1</variable>
  <valuemap type="QVariantMap">
   <value type="bool" key="PE.Profile.AutoDetected">false</value>
   <value type="QString" key="PE.Profile.AutoDetectionSource"></value>
   <valuemap type="QVariantMap" key="PE.Profile.Data">
    <value type="QString" key="Android.GdbServer.Information"></value>
    <value type="QString" key="CMakeProjectManager.CMakeKitInformation"></value>
    <value type="QString" key="Debugger.Information">{31fc78c9-11b2-44d6-bdc0-758e09db5bda}</value>
    <value type="QString" key="PE.Profile.Device">{d822a2c0-249d-4632-bfd3-727a444296f1}</value>
    <value type="QString" key="PE.Profile.DeviceType">GenericLinuxOsType</value>
    <valuelist type="QVariantList" key="PE.Profile.Environment"/>
    <value type="QString" key="PE.Profile.SysRoot"></value>
    <value type="QString" key="PE.Profile.ToolChain">{bce211d8-0378-4bae-a62d-f782b54b440f}</value>
    <value type="QString" key="QtPM4.mkSpecInformation"></value>
    <value type="int" key="QtSupport.QtInformation">2</value>
   </valuemap>
   <value type="QString" key="PE.Profile.Icon">:///DESKTOP///</value>
   <value type="QString" key="PE.Profile.Id">{1f1de8c9-b51b-47ca-bd7c-25e12e46a467}</value>
   <valuelist type="QVariantList" key="PE.Profile.MutableInfo"/>
   <value type="QString" key="PE.Profile.Name">gdp-porter</value>
   <value type="bool" key="PE.Profile.SDK">false</value>
   <valuelist type="QVariantList" key="PE.Profile.StickyInfo"/>
  </valuemap>
 </data>
 <data>
  <variable>Profile.2</variable>
  <valuemap type="QVariantMap">
   <value type="bool" key="PE.Profile.AutoDetected">false</value>
   <value type="QString" key="PE.Profile.AutoDetectionSource"></value>
   <valuemap type="QVariantMap" key="PE.Profile.Data">
    <value type="QString" key="Android.GdbServer.Information"></value>
    <value type="QString" key="CMakeProjectManager.CMakeKitInformation"></value>
    <value type="QString" key="Debugger.Information">{31fc78c9-11b2-44d6-bdc0-758e09db5bda}</value>
    <value type="QString" key="PE.Profile.Device">{8988d949-f27a-4340-a54e-c16d2e2ea4a2}</value>
    <value type="QString" key="PE.Profile.DeviceType">GenericLinuxOsType</value>
    <valuelist type="QVariantList" key="PE.Profile.Environment"/>
    <value type="QString" key="PE.Profile.SysRoot"></value>
    <value type="QString" key="PE.Profile.ToolChain">{fba23195-11a9-4cb9-8016-175346897bca}</value>
    <value type="QString" key="QtPM4.mkSpecInformation"></value>
    <value type="int" key="QtSupport.QtInformation">3</value>
   </valuemap>
   <value type="QString" key="PE.Profile.Icon">:///DESKTOP///</value>
   <value type="QString" key="PE.Profile.Id">{bf723c40-174f-4d78-a0bc-3f31fa8acbbb}</value>
   <valuelist type="QVariantList" key="PE.Profile.MutableInfo"/>
   <value type="QString" key="PE.Profile.Name">gdp-rpi</value>
   <value type="bool" key="PE.Profile.SDK">false</value>
   <valuelist type="QVariantList" key="PE.Profile.StickyInfo"/>
  </valuemap>
 </data>
 <data>
  <variable>Profile.Count</variable>
  <value type="int">3</value>
 </data>
 <data>
  <variable>Profile.Default</variable>
  <value type="QString">qt.54.gcc_64_kit</value>
 </data>
 <data>
  <variable>Version</variable>
  <value type="int">1</value>
 </data>
</qtcreator>
