<?xml version="1.0" encoding="UTF-8"?>
<!DOCTYPE QtCreatorQtVersions>
<!-- Written by QtCreator 3.6.1, 2016-08-16T08:32:35. -->
<qtcreator>
 <data>
  <variable>QtVersion.0</variable>
  <valuemap type="QVariantMap">
   <value type="int" key="Id">1</value>
   <value type="QString" key="Name">Qt %{Qt:Version} GCC 64bit</value>
   <value type="QString" key="QMakePath">/home/ics/Qt/5.4/gcc_64/bin/qmake</value>
   <value type="QString" key="QtVersion.Type">Qt4ProjectManager.QtVersion.Desktop</value>
   <value type="QString" key="autodetectionSource">SDK.qt.54.gcc_64</value>
   <value type="bool" key="isAutodetected">true</value>
  </valuemap>
 </data>
 <data>
  <variable>QtVersion.1</variable>
  <valuemap type="QVariantMap">
   <value type="int" key="Id">2</value>
   <value type="QString" key="Name">Qt %{Qt:Version} (gdp-porter)</value>
   <value type="QString" key="QMakePath">/home/ics/Desktop/gdp/renesas/sdk/sysroots/x86_64-oesdk-linux/usr/bin/qt5/qmake</value>
   <value type="QString" key="QtVersion.Type">RemoteLinux.EmbeddedLinuxQt</value>
   <value type="bool" key="isAutodetected">false</value>
  </valuemap>
 </data>
 <data>
  <variable>QtVersion.2</variable>
  <valuemap type="QVariantMap">
   <value type="int" key="Id">3</value>
   <value type="QString" key="Name">Qt %{Qt:Version} (gdp-rpi)</value>
   <value type="QString" key="QMakePath">/home/ics/Desktop/gdp/rpi/sdk/sysroots/x86_64-oesdk-linux/usr/bin/qt5/qmake</value>
   <value type="QString" key="QtVersion.Type">RemoteLinux.EmbeddedLinuxQt</value>
   <value type="bool" key="isAutodetected">false</value>
  </valuemap>
 </data>
 <data>
  <variable>Version</variable>
  <value type="int">1</value>
 </data>
</qtcreator>
