<?xml version="1.0" encoding="UTF-8"?>
<!DOCTYPE QtCreatorToolChains>
<!-- Written by QtCreator 3.6.1, 2016-08-16T08:32:36. -->
<qtcreator>
 <data>
  <variable>ToolChain.0</variable>
  <valuemap type="QVariantMap">
   <value type="QString" key="ProjectExplorer.GccToolChain.Path">/usr/bin/g++</value>
   <valuelist type="QVariantList" key="ProjectExplorer.GccToolChain.PlatformCodeGenFlags"/>
   <valuelist type="QVariantList" key="ProjectExplorer.GccToolChain.PlatformLinkerFlags"/>
   <valuelist type="QVariantList" key="ProjectExplorer.GccToolChain.SupportedAbis">
    <value type="QString">x86-linux-generic-elf-64bit</value>
    <value type="QString">x86-linux-generic-elf-32bit</value>
   </valuelist>
   <value type="QString" key="ProjectExplorer.GccToolChain.TargetAbi">x86-linux-generic-elf-64bit</value>
   <value type="bool" key="ProjectExplorer.ToolChain.Autodetect">true</value>
   <value type="QString" key="ProjectExplorer.ToolChain.DisplayName">GCC (x86 64bit in /usr/bin)</value>
   <value type="QString" key="ProjectExplorer.ToolChain.Id">ProjectExplorer.ToolChain.Gcc:{935ecf89-1651-4acf-8f26-5d8a8791ba6a}</value>
  </valuemap>
 </data>
 <data>
  <variable>ToolChain.1</variable>
  <valuemap type="QVariantMap">
   <value type="QString" key="ProjectExplorer.GccToolChain.Path">/usr/bin/g++</value>
   <valuelist type="QVariantList" key="ProjectExplorer.GccToolChain.PlatformCodeGenFlags"/>
   <valuelist type="QVariantList" key="ProjectExplorer.GccToolChain.PlatformLinkerFlags"/>
   <valuelist type="QVariantList" key="ProjectExplorer.GccToolChain.SupportedAbis">
    <value type="QString">x86-linux-generic-elf-64bit</value>
    <value type="QString">x86-linux-generic-elf-32bit</value>
   </valuelist>
   <value type="QString" key="ProjectExplorer.GccToolChain.TargetAbi">x86-linux-generic-elf-32bit</value>
   <value type="bool" key="ProjectExplorer.ToolChain.Autodetect">true</value>
   <value type="QString" key="ProjectExplorer.ToolChain.DisplayName">GCC (x86 32bit in /usr/bin)</value>
   <value type="QString" key="ProjectExplorer.ToolChain.Id">ProjectExplorer.ToolChain.Gcc:{5d3bcb4e-b60a-42d8-8e9c-d575ac39dae9}</value>
  </valuemap>
 </data>
 <data>
  <variable>ToolChain.2</variable>
  <valuemap type="QVariantMap">
   <value type="QString" key="ProjectExplorer.GccToolChain.Path">/home/ics/Desktop/gdp/renesas/sdk/sysroots/x86_64-oesdk-linux/usr/bin/arm-poky-linux-gnueabi/arm-poky-linux-gnueabi-g++</value>
   <valuelist type="QVariantList" key="ProjectExplorer.GccToolChain.PlatformCodeGenFlags"/>
   <valuelist type="QVariantList" key="ProjectExplorer.GccToolChain.PlatformLinkerFlags"/>
   <valuelist type="QVariantList" key="ProjectExplorer.GccToolChain.SupportedAbis">
    <value type="QString">arm-linux-generic-elf-32bit</value>
   </valuelist>
   <value type="QString" key="ProjectExplorer.GccToolChain.TargetAbi">arm-linux-generic-elf-32bit</value>
   <value type="bool" key="ProjectExplorer.ToolChain.Autodetect">false</value>
   <value type="QString" key="ProjectExplorer.ToolChain.DisplayName">gcc-gdp-porter</value>
   <value type="QString" key="ProjectExplorer.ToolChain.Id">ProjectExplorer.ToolChain.Gcc:{bce211d8-0378-4bae-a62d-f782b54b440f}</value>
  </valuemap>
 </data>
 <data>
  <variable>ToolChain.3</variable>
  <valuemap type="QVariantMap">
   <value type="QString" key="ProjectExplorer.GccToolChain.Path">/home/ics/Desktop/gdp/rpi/sdk/sysroots/x86_64-oesdk-linux/usr/bin/arm-poky-linux-gnueabi/arm-poky-linux-gnueabi-g++</value>
   <valuelist type="QVariantList" key="ProjectExplorer.GccToolChain.PlatformCodeGenFlags"/>
   <valuelist type="QVariantList" key="ProjectExplorer.GccToolChain.PlatformLinkerFlags"/>
   <valuelist type="QVariantList" key="ProjectExplorer.GccToolChain.SupportedAbis">
    <value type="QString">arm-linux-generic-elf-32bit</value>
   </valuelist>
   <value type="QString" key="ProjectExplorer.GccToolChain.TargetAbi">arm-linux-generic-elf-32bit</value>
   <value type="bool" key="ProjectExplorer.ToolChain.Autodetect">false</value>
   <value type="QString" key="ProjectExplorer.ToolChain.DisplayName">gcc-gdp-rpi</value>
   <value type="QString" key="ProjectExplorer.ToolChain.Id">ProjectExplorer.ToolChain.Gcc:{fba23195-11a9-4cb9-8016-175346897bca}</value>
  </valuemap>
 </data>
 <data>
  <variable>ToolChain.Count</variable>
  <value type="int">4</value>
 </data>
 <data>
  <variable>Version</variable>
  <value type="int">1</value>
 </data>
</qtcreator>
